split,ID,Speaker_ID,Speech_Duration_seconds,Accent,model,mode,reference_source,reference_raw,reference,hypothesis_raw,hypothesis,wer,cer,ref_recall,length_ratio
test,AESRC2020-INDIAN-ACCENT-G13915-G13915S5399,AESRC2020-INDIAN-ACCENT-G13915,6.069,INDIAN,large_v3_turbo,whisper_norm,gold,one nine zero four eight six nine one six three,1904869163,1 9 0 4 8 6 9 1 6 3,one 9 0 4 8 6 9 one 6 3,10.0,1.5,0.0,10.0
test,AESRC2020-INDIAN-ACCENT-G13915-G13915S5400,AESRC2020-INDIAN-ACCENT-G13915,2.826,INDIAN,large_v3_turbo,whisper_norm,gold,five fifty four am,554 am,5 54 AM.,5 54 am,1.0,0.1667,0.5,1.5
test,AESRC2020-INDIAN-ACCENT-G13083-G13083S2364,AESRC2020-INDIAN-ACCENT-G13083,2.965,INDIAN,large_v3_turbo,whisper_norm,gold,favourite karuthamuthu,favorite karuthamuthu,"Favorite, Karutha Mewtwo.",favorite karutha mewtwo,1.0,0.2381,0.5,1.5
test,AESRC2020-INDIAN-ACCENT-G02684-G02684S2355,AESRC2020-INDIAN-ACCENT-G02684,3.13,INDIAN,large_v3_turbo,whisper_norm,gold,only play songs by ismael belouch,only play songs by ismael belouch,Only play songs while a smile be large.,only play songs while a smile be large,0.8333,0.4545,0.5,1.3333
test,AESRC2020-INDIAN-ACCENT-G03247-G03247S2366,AESRC2020-INDIAN-ACCENT-G03247,3.34,INDIAN,large_v3_turbo,whisper_norm,gold,play rahmat da darya illahi,play rahmat da darya illahi,"Play, Rehmadda Daria Ilahi",play rehmadda daria ilahi,0.8,0.1852,0.2,0.8
test,AESRC2020-INDIAN-ACCENT-G22849-G22849S2354,AESRC2020-INDIAN-ACCENT-G22849,2.961,INDIAN,large_v3_turbo,whisper_norm,gold,when was the show yahan main ghar ghar kheli made,when was the show yahan main ghar ghar kheli made,When was the show? Here I am a girl girl Kaley made.,when was the show here i am a girl girl kaley made,0.7,0.4082,0.5556,1.2
test,AESRC2020-INDIAN-ACCENT-G43652-G43652S2366,AESRC2020-INDIAN-ACCENT-G43652,2.09,INDIAN,large_v3_turbo,whisper_norm,gold,skip apni mitti,skip apni mitti,skip,skip,0.6667,0.7333,0.3333,0.3333
test,AESRC2020-INDIAN-ACCENT-G32681-G32681S2355,AESRC2020-INDIAN-ACCENT-G32681,4.278,INDIAN,large_v3_turbo,whisper_norm,gold,when did banda ola azul de zirahuen first debut,when did banda ola azul de zirahuen 1st debut,"When did one dollar, Azul, the zero and first debit?",when did one azul the 0 and 1st debit,0.6667,0.4,0.4444,1.0
test,AESRC2020-INDIAN-ACCENT-G13145-G13145S2366,AESRC2020-INDIAN-ACCENT-G13145,3.28,INDIAN,large_v3_turbo,whisper_norm,gold,is de souza resorts adult only,is de souza resorts adult only,Is the zoo or resort adult only?,is the zoo or resort adult only,0.6667,0.2667,0.5,1.1667
test,AESRC2020-INDIAN-ACCENT-G03626-G03626S2365,AESRC2020-INDIAN-ACCENT-G03626,5.64,INDIAN,large_v3_turbo,whisper_norm,gold,what year did kuchh jhuki palkain come out,what year did kuchh jhuki palkain come out,What did it? Kuch juki palke come out.,what did it kuch juki palke come out,0.625,0.2619,0.5,1.0
test,AESRC2020-INDIAN-ACCENT-G12093-G12093S2365,AESRC2020-INDIAN-ACCENT-G12093,3.155,INDIAN,large_v3_turbo,whisper_norm,gold,what is zaika darbar speciality,what is zaika darbar speciality,What is Zai Ka Darbar's Speciality?,what is zai ka darbar is speciality,0.6,0.129,0.8,1.4
test,AESRC2020-INDIAN-ACCENT-G03133-G03133S2364,AESRC2020-INDIAN-ACCENT-G03133,3.186,INDIAN,large_v3_turbo,whisper_norm,gold,lay the prince ascetic next,lay the prince ascetic next,Lay the prints as scatic next.,lay the prints as scatic next,0.6,0.1852,0.6,1.2
test,AESRC2020-INDIAN-ACCENT-G03903-G03903S2370,AESRC2020-INDIAN-ACCENT-G03903,2.959,INDIAN,large_v3_turbo,whisper_norm,gold,change the song to everyday we lit,change the song to everyday we lit,Send the song to every day we lead.,send the song to every day we lead,0.5714,0.2647,0.5714,1.1429
test,AESRC2020-INDIAN-ACCENT-G02207-G02207S2362,AESRC2020-INDIAN-ACCENT-G02207,3.92,INDIAN,large_v3_turbo,whisper_norm,gold,how many branches does shri gayatri bhojnalaya,how many branches does shri gayatri bhojnalaya,How many branches does Sri Gayathri Bhujna lay?,how many branches does sri gayathri bhujna lay,0.5714,0.1087,0.5714,1.1429
test,AESRC2020-INDIAN-ACCENT-G53025-G53025S2364,AESRC2020-INDIAN-ACCENT-G53025,2.41,INDIAN,large_v3_turbo,whisper_norm,gold,put i'm the shit on next,put i am the shit on next,Put IMD sheet on next.,put imd sheet on next,0.5714,0.32,0.4286,0.7143
test,AESRC2020-INDIAN-ACCENT-G23248-G23248S2366,AESRC2020-INDIAN-ACCENT-G23248,3.825,INDIAN,large_v3_turbo,whisper_norm,gold,play the complete lakhon mein ek series,play the complete lakhon mein ek series,Play the complete lakh ho me egg series.,play the complete lakh ho me egg series,0.5714,0.1795,0.5714,1.1429
test,AESRC2020-INDIAN-ACCENT-G23372-G23372S2354,AESRC2020-INDIAN-ACCENT-G23372,4.204,INDIAN,large_v3_turbo,whisper_norm,gold,restart this episode of yahan main ghar ghar kheli,restart this episode of yahan main ghar ghar kheli,Restart this episode of Yahaan Mein Ghargar Khayli,restart this episode of yahaan mein ghargar khayli,0.5556,0.12,0.5,0.8889
test,AESRC2020-INDIAN-ACCENT-G53709-G53709S2373,AESRC2020-INDIAN-ACCENT-G53709,4.96,INDIAN,large_v3_turbo,whisper_norm,gold,how large is splashtop wired xd is play free,how large is splashtop wired xd is play free,How large is the laptop wired acts display free?,how large is the laptop wired acts display free,0.5556,0.2727,0.625,1.0
test,AESRC2020-INDIAN-ACCENT-G32335-G32335S2354,AESRC2020-INDIAN-ACCENT-G32335,2.88,INDIAN,large_v3_turbo,whisper_norm,gold,where is vanakamal hotel,where is vanakamal hotel,Where is one Kamal Hotel?,where is one kamal hotel,0.5,0.1667,0.75,1.25
test,AESRC2020-INDIAN-ACCENT-G12238-G12238S2366,AESRC2020-INDIAN-ACCENT-G12238,2.72,INDIAN,large_v3_turbo,whisper_norm,gold,when did gayatri iyer become famous,when did gayatri iyer become famous,When did Gayathri a year become famous?,when did gayathri a year become famous,0.5,0.1143,0.6667,1.1667
