split,ID,Speaker_ID,Speech_Duration_seconds,Gender,Speech_Class,Native_Region,Discipline_Group,Topic,model,mode,reference_source,reference_raw,reference,hypothesis_raw,hypothesis,wer,cer,ref_recall,length_ratio
test,jtMZfLViZu8,224,37.02,M,SLOW,NORTH,Engineering,Lecture 1 Finite Element Method,medium_ft_sizematch_s43,whisper_norm,gold,"thetayi, and wi at each of these 4 nodes which have coordinates xi tau, yi tau in this expanded form. How many values we have? We have 12 values; it is a twelfth order, there are terms in this expression. We can write it as, this whole thing wi, w1 thetay1, thetax1, then w2, thetay2, thetax2 up to all the way down to w4, thetay4, thetax4 this is equal to this",thetayi and wi at each of these 4 nodes which have coordinates xi tau yi tau in this expanded form how many values we have we have 12 values it is a 12th order there are terms in this expression we can write it as this whole thing wi w one thetay one thetax one then w 2 thetay 2 thetax 2 up to all the way down to w 4 thetay 4 thetax 4 this is equal to this,"xi theta yi and wi at each of these four nodes which have coordinates xi tau yi tau in this expanded form. How many values now we have? We have twelve values. It is a twelfth order I mean there are twelve terms in this expression. So, now we solve for so we can write it as this whole thing wi w1 theta y1 theta x1 then w1 theta x2 then w1 theta x1 then w1 theta x2 then w1 theta x2 then w1 theta x2 then w1 theta x2 then w1 theta x2 then w1 theta x2 then w1 theta x2 then w1 theta x2 then w1 theta x2 then w1 theta x2 then w1 theta x2 then w1 theta x2 then w1 theta x2 then w1 theta x2 then w1 theta x2 then w1 theta x2 then w1 theta x2 then w1 theta x2 then w1 theta x2 then w1 theta x2 then w1 theta x2 then w1 theta x2 then w1 theta x2 then w1 theta x2 then w1 theta x2 then w1 theta x2 then w1 theta x2 then w1 theta x2 then w1 theta x2 then w1 theta x2 then w1 theta x2 then w1 theta x2 then w1 theta x2 then w1 theta x2 then w1 theta x2 then w1 theta x2 then w1 theta x2 then w1 theta x2 then w1 theta x2 then w1 theta x2 then w1 theta x2 then w1 theta x2 then w1 theta x2 then w1 theta x2 then w1 theta x2 then w1 theta x2 then w1 theta x2 then w1 theta x2 then w1 theta x2 then w1 theta x2 then w1 theta x2 then w1 theta x2 then w1 theta x2 then w1 theta x2 then w1 theta x2 then w1 theta x2 then w1 theta x2 then w 1 theta x 1 then W 2 theta y 2 theta x 2 up to all the way down to",xi theta yi and wi at each of these 4 nodes which have coordinates xi tau yi tau in this expanded form how many values now we have we have 12 values it is a 12th order i mean there are 12 terms in this expression so now we solve for so we can write it as this whole thing wi w one theta y one theta x one then w one theta x 2 then w one theta x one then w one theta x 2 then w one theta x 2 then w one theta x 2 then w one theta x 2 then w one theta x 2 then w one theta x 2 then w one theta x 2 then w one theta x 2 then w one theta x 2 then w one theta x 2 then w one theta x 2 then w one theta x 2 then w one theta x 2 then w one theta x 2 then w one theta x 2 then w one theta x 2 then w one theta x 2 then w one theta x 2 then w one theta x 2 then w one theta x 2 then w one theta x 2 then w one theta x 2 then w one theta x 2 then w one theta x 2 then w one theta x 2 then w one theta x 2 then w one theta x 2 then w one theta x 2 then w one theta x 2 then w one theta x 2 then w one theta x 2 then w one theta x 2 then w one theta x 2 then w one theta x 2 then w one theta x 2 then w one theta x 2 then w one theta x 2 then w one theta x 2 then w one theta x 2 then w one theta x 2 then w one theta x 2 then w one theta x 2 then w one theta x 2 then w one theta x 2 then w one theta x 2 then w one theta x 2 then w one theta x 2 then w one theta x 2 then w one theta x 2 then w one theta x 2 then w one theta x 2 then w one theta x 2 then w one theta x 2 then w one theta x 2 then w one theta x 2 then w one theta x 2 then w one theta x 2 then w one theta x one then w 2 theta y 2 theta x 2 up to all the way down to,4.825,3.5894,0.9216,5.5625
test,zk1lXf7Ceiw,176,1.0,M,SLOW,SOUTH,Non-Engineering,Higher Order BVPs,medium_ft_sizematch_s43,whisper_norm,gold,..,.,can be written as,can be written as,4.0,17.0,0.0,4.0
test,E-r2EDS0uP4,226,29.75,M,SLOW,NORTH,Engineering,Lecture 3 Kinematics of machines,medium_ft_sizematch_s43,whisper_norm,gold,"F which we have seen, 3 times n minus 1 minus 2 j. So F is 3 into 4 minus 2 into 5, which",f which we have seen 3 times n -one -2 j so f is 3 into 4 -2 into 5 which,f which we have seen c times n minus 1 minus 2 j sorry this is I made a mistake here j 2 is 1 but j 2 is 2 j 2 so this should be counted as 2 into 1 that is 2 and j is 5 so f is c into 4 minus 2 into 5 which is 2,f which we have seen c times n -one -2 j sorry this is i made a mistake here j 2 is one but j 2 is 2 j 2 so this should be counted as 2 into one that is 2 and j is 5 so f is c into 4 -2 into 5 which is 2,1.8571,1.8082,0.9375,2.7619
test,vf0S_1ZITuA,203,32.75,M,SLOW,EAST,Engineering,Fundamentals of Discretization: Finite Difference and Finite Volume Method,medium_ft_sizematch_s43,whisper_norm,gold,"by 2. So, that it becomes 3 and divided by 2 yes. Now, whether it is plus or minus sign",by 2 so that it becomes 3 and divided by 2 yes now whether it is plus or minus sign,"by so it is h square by so it was 3 factorial and that multiplied by 2. So, that it becomes 3. No, that was. No, sir. No, sir. And divided by 2. And divided by 2, yes.",by so it is h square by so it was 3 factorial and that multiplied by 2 so that it becomes 3 no that was no sir no sir and divided by 2 and divided by 2 yes,1.55,1.3494,0.6471,1.9
test,Vpoi5W6a3lo,166,17.64,M,FAST,SOUTH,Non-Engineering,Distributions(contd),medium_ft_sizematch_s43,whisper_norm,gold,"is when the original distribution is normal like we said this distribution of sample means is also normal. But, we also went through this central limit theorem where we said as long as you are aggregating is sufficiently large number of distributions the resulting distribution starts to look",is when the original distribution is normal like we said this distribution of sample means is also normal but we also went through this central limit theorem where we said as long as you are aggregating is sufficiently large number of distributions the resulting distribution starts to look,rate could be something like well two people arrive per minute ok so that's two and i want to ask the question what is the probability zero people will arrive over the next minute so i'd say on average two people arrive at the bus stop k is that zero right so i'll put i'll substitute k with zero,rate could be something like well 2 people arrive per minute ok so that is 2 and i want to ask the question what is the probability 0 people will arrive over the next minute so i would say on average 2 people arrive at the bus stop k is that 0 right so i will put i will substitute k with 0,1.25,0.7828,0.1176,1.3125
test,kHeysMOk9h4,82,24.69,M,SLOW,NORTH,Engineering,Parallel Algorithm,medium_ft_sizematch_s43,whisper_norm,gold,"n cross n, n plus 1 column is nothing but the b has been moved to n plus 1, that is You have A matrix and then you have B vector; instead of putting B here I have put B here",n cross n n +one column is nothing but the b has been moved to n +one that is you have a matrix and then you have b vector instead of putting b here i have put b here,"one thing you do, but numerical methods problem generally we work on shared memory model, but people are working nowadays on cluster machines. Now, the next problem is that you have to tell me how I can do it.",one thing you do but numerical methods problem generally we work on shared memory model but people are working nowadays on cluster machines now the next problem is that you have to tell me how i can do it,1.0,0.9036,0.2963,1.0
test,-2aOCNaOiLs,222,4.989,M,SLOW,SOUTH,Engineering,Conduction- Cylindrical and Spherical geometries,medium_ft_sizematch_s43,whisper_norm,gold,considered in problem 45.,considered in problem 45,considered in problem 45. Let us do that.,considered in problem 45 let us do that,1.0,0.625,1.0,2.0
test,zz3cEoeWrUo,206,20.53,M,FAST,SOUTH,Engineering,Analysis of Gas Generator and Staged Combustion Cycles and Introduction to Injectors,medium_ft_sizematch_s43,whisper_norm,gold,"of the separated flow lingers on and C d decreases it never comes back to this. That means, even a small thing like a shower head injector which is nothing but an orifice like this it has it is not that straight forward, and what happens let us let us try to put this down.",of the separated flow lingers on and c d decreases it never comes back to this that means even a small thing like a shower head injector which is nothing but an orifice like this it has it is not that straight forward and what happens let us let us try to put this down,of,of,0.9818,0.9926,0.0233,0.0182
test,3vVJkvTsbXQ,88,25.36,M,SLOW,NORTH,Engineering,Open MP&PRAM Model of Computation,medium_ft_sizematch_s43,whisper_norm,gold,not say assumption but it is an abstraction will talk about how it affect our analysis yes we one is the amount of resource how much memory i have how much local versus or shared,not say assumption but it is an abstraction will talk about how it affect our analysis yes we one is the amount of resource how much memory i have how much local versus or shared,"I won't say assumption, but it is an abstraction. We will talk about how it affects our analysis. Sir, so as many number of processors as you need which means it is valid for single processor to machine of even millions of processors. Yes, right. So, one is the amount of resources, how much memory I have, how much local versus outshared",i will not say assumption but it is an abstraction we will talk about how it affects our analysis sir so as many number of processors as you need which means it is valid for single processor to machine of even 1000000s of processors yes right so one is the amount of resources how much memory i have how much local versus outshared,0.9714,0.8708,0.8667,1.8
test,lnD212vbPSk,70,26.769,M,FAST,SOUTH,Engineering,Sludge Treatment(Continued),medium_ft_sizematch_s43,whisper_norm,gold,We will see the advantages of this sludge draining beds for other dewatering processes. The cost involved is very very low for the sludge draining beds and infrequent attention is required because we can just go and dump the sludge on the sludge draining beds and it will automatically get dried because of evaporation and leaching,we will see the advantages of this sludge draining beds for other dewatering processes the cost involved is very very low for the sludge draining beds and infrequent attention is required because we can just go and dump the sludge on the sludge draining beds and it will automatically get dried because of evaporation and leaching,"much higher compared to the summer. And it is a labor intensive sludge process as far as sludge removal is concerned because we are pumping the liquid sludge to the sludge drying beds. Once the sludge is dried how can we remove it? We have to remove the sludge from the sludge drying bed manually. So, it is a labor intensive process.",much higher compared to the summer and it is a labor intensive sludge process as far as sludge removal is concerned because we are pumping the liquid sludge to the sludge drying beds once the sludge is dried how can we remove it we have to remove the sludge from the sludge drying bed manually so it is a labor intensive process,0.9643,0.6939,0.2857,1.1071
test,qx86xQ6UKmU,70,15.29,M,FAST,SOUTH,Engineering,Adsorption,medium_ft_sizematch_s43,whisper_norm,gold,of the same charge into the solution in a chemically equivalent amount. Once again I will explain. Ion exchange is defined as the process where an insoluble substance removes ions of positive or negative charge from an electrolytic solution and releases other ions of the same charge,of the same charge into the solution in a chemically equivalent amount once again i will explain ion exchange is defined as the process where an insoluble substance removes ions of positive or negative charge from an electrolytic solution and releases other ions of the same charge,"by what is the concentration of B n plus in the solution. So, R n minus B n plus resin means activity of B n plus in the resin and B n plus 1 S means activity of B n plus in the",by what is the concentration of b n plus in the solution so r n minus b n plus resin means activity of b n plus in the resin and b n plus ones means activity of b n plus in the,0.9574,0.7046,0.1667,0.8936
test,qBw8ZQrJeys,292,7.01,M,SLOW,SOUTH,Engineering,Level Testing,medium_ft_sizematch_s43,whisper_norm,gold,"that is also saw it as an input may not be a functional requirements this is a dependent in the message, okay. So next for is performance requirements let try to understand what performance that ports the entire process of booting up till operational mode.",that is also saw it as an input may not be a functional requirements this is a dependent in the message okay so next for is performance requirements let try to understand what performance that ports the entire process of booting up till operational mode,this we will continue in the next class.,this we will continue in the next class,0.9111,0.8656,0.1053,0.1778
test,4XulH3TfbT0,203,52.541,M,SLOW,EAST,Engineering,Surface Tension Driven Flows (Contd.),medium_ft_sizematch_s43,whisper_norm,gold,"In short time, s is much much  00:52:22,059 so, 8 pi mu s ds/dt=pi r square H rho g okay. So, s ds/dt=R square H rho g/8 mu.",in short time s is much much 0 52 22059 so 8 pi mu s ds dt pi r square h rho g okay so s ds dt r square h rho g 8 mu,"In short time, s is much less than h. So short time means s is much less than h. So the right hand side is approximately pi r square h rho g. So 8 pi mu s ds dt is equal = pi R square h rho g/8 mu.",in short time s is much less than h so short time means s is much less than h so the right hand side is approximately pi r square h rho g so 8 pi mu s ds dt is equal pi r square h rho g 8 mu,0.7143,0.8103,0.8095,1.4
test,0FA1bzcwRvU,302,59.63,M,SLOW,WEST,Engineering,Error Free Communication Over a Binary Symmetric Channel,medium_ft_sizematch_s43,whisper_norm,gold,"0 to beta T P E. Now, if we use an inequality which is often used in information theory, the inequality is less than equal to 2 to the power beta T entropy function which is function of error probability where error probability is less than 0.5. Using this inequality what it implies that",0 to beta t p e now if we use an inequality which is often used in information theory the inequality is less than equal to 2 to the power beta t entropy function which is function of error probability where error probability is less than 0.5 using this inequality what it implies that,"0 to beta T P E. Now, if we use function, which is less than 0.5.",0 to beta t p e now if we use function which is less than 0.5,0.7037,0.7852,0.4211,0.2963
test,sCXbZp08jMA,49,24.12,M,FAST,SOUTH,Engineering,6 Soil Mechanics,medium_ft_sizematch_s43,whisper_norm,gold,depth z is given by (N dash) into W by V) where Ws is equal to W by V. Unit weight of suspension after elapsing time td can be determined at depth z is (gamma z) is equal to [(gamma w) plus N dash (W by V) into (Gs minus 1) by Gs)]. From this rearranging,depth z is given by into w by v where ws is equal to w by v unit weight of suspension after elapsing time td can be determined at depth z is is equal to from this rearranging,at depth z is given by N dash into W by V where Ws is equal to W by V. So unit weight of the suspension after elapsing time t can be determined at depth z as gamma z is equal to gamma W plus N dash W by V into Gs minus 1 divided by Gs. So from this,at depth z is given by n dash into w by v where ws is equal to w by v so unit weight of the suspension after elapsing time t can be determined at depth z as gamma z is equal to gamma w plus n dash w by v into gs -one divided by gs so from this,0.6579,0.4828,0.9259,1.5526
test,RZQTTfU9TNA,284,29.08,M,FAST,SOUTH,Engineering,Encoders and Decoders,medium_ft_sizematch_s43,whisper_norm,gold,"normally, this is a practical 3 to 8 decoder, I can give you the IC number if you want to this is 74138, it is not necessary to remember numbers. In fact I am not even sure it’s 128 or 138 but I think it’s 138.",normally this is a practical 3 to 8 decoder i can give you the ic number if you want to this is 74138 it is not necessary to remember numbers in fact i am not even sure it s 128 or 138 but i think it s 138,This is a practical 3-3 decoder actually I can give you the IC number if you want it is 74138.,this is a practical 3 3 decoder actually i can give you the ic number if you want it is 74138,0.6458,0.6439,0.4857,0.4375
test,ksh6OMRFroI,76,22.93,M,FAST,NORTH,Engineering,-Introduction To Problem Solving and Programming,medium_ft_sizematch_s43,whisper_norm,gold,"we need to use the C compiler, and the command for the C compiler is c c. Choose the arguments that I have given to the c c commands are first of all minus o; minus o says that the equivalent machine language program which is generated for this",we need to use the c compiler and the command for the c compiler is c c choose the arguments that i have given to the c c commands are 1st of all -0 -0 says that the equivalent machine language program which is generated for this,"actually compile this program and try to run it. To compile this program we need to use the C compiler and the command for the C compiler is cc. So, the arguments that I have given to the cc command are first of all minus o minus o says",actually compile this program and try to run it to compile this program we need to use the c compiler and the command for the c compiler is cc so the arguments that i have given to the cc command are 1st of all -0 -0 says,0.6383,0.6681,0.7742,1.0
test,EayOCWaiRkw,277,27.8,M,SLOW,SOUTH,Engineering,Dual Slope ADC and Successor approximation ADC,medium_ft_sizematch_s43,whisper_norm,gold,"Now, that is voltage in C remains constant because it cannot discharge the assuming the bias current is negligible then the voltage",now that is voltage in c remains constant because it cannot discharge the assuming the bias current is negligible then the voltage,"Now, the voltage that is the voltage in C remains constant voltage in C remains constant voltage in C remains constant because it cannot discharge assuming the bias current is negligible then the voltage",now the voltage that is the voltage in c remains constant voltage in c remains constant voltage in c remains constant because it cannot discharge assuming the bias current is negligible then the voltage,0.6364,0.6154,1.0,1.5455
test,jqhQx9U9kok,80,24.44,M,SLOW,NORTH,Engineering,26 Ray Tracing (Contd.),medium_ft_sizematch_s43,whisper_norm,gold,"tracing has got a higher solution than I had decided earlier. When you look at the boundaries here you see some kind of a stair case pattern here, here, here and here.",tracing has got a higher solution than i had decided earlier when you look at the boundaries here you see some kind of a stair case pattern here here here and here,"invoicing has got a higher resolution than I had decided earlier right. So, just to illustrate you here the example, you look at here at the boundaries here as you see some staircase kind of a pattern here right here, here right.",invoicing has got a higher resolution than i had decided earlier right so just to illustrate you here the example you look at here at the boundaries here as you see some staircase kind of a pattern here right here here right,0.625,0.5828,0.7692,1.3125
test,l8kIWLWfbZ8,195,15.83,M,FAST,SOUTH,Engineering,- MESFET : Effects of channel length and gate length on IDS and gm,medium_ft_sizematch_s43,whisper_norm,gold,it is not Vpo it is Vpo cylindrical is equal to q ND amplitude twice epsilon r epsilon,it is not vpo it is vpo cylindrical is equal to q nd amplitude twice epsilon r epsilon,"In fact, it is not Vp 0; it is Vp 0 cylindrical. s equal to q and d magnitude twice epsilon r epsilon 0.",in fact it is not vp 0 it is vp 0 cylindrical s equal to q and d magnitude twice epsilon r epsilon 0,0.6111,0.2442,0.7692,1.3333
